{
  "IcoMoonType": "selection",
  "icons": [
    {
      "icon": {
        "paths": [
          "M548.571 0l548.571 219.429v73.143h-73.143c0 20-17.714 36.571-39.429 36.571h-872c-21.714 0-39.429-16.571-39.429-36.571h-73.143v-73.143zM146.286 365.714h146.286v438.857h73.143v-438.857h146.286v438.857h73.143v-438.857h146.286v438.857h73.143v-438.857h146.286v438.857h33.714c21.714 0 39.429 16.571 39.429 36.571v36.571h-950.857v-36.571c0-20 17.714-36.571 39.429-36.571h33.714v-438.857zM1057.714 914.286c21.714 0 39.429 16.571 39.429 36.571v73.143h-1097.143v-73.143c0-20 17.714-36.571 39.429-36.571h1018.286z"
        ],
        "attrs": [
          {}
        ],
        "width": 1097,
        "isMulticolor": false,
        "isMulticolor2": false,
        "tags": [
          "bank",
          "institution",
          "university"
        ],
        "grid": 14
      },
      "attrs": [
        {}
      ],
      "properties": {
        "order": 5,
        "id": 0,
        "prevSize": 28,
        "name": "bank"
      },
      "setIdx": 1,
      "setId": 3,
      "iconIdx": 0
    }
  ],
  "height": 1024,
  "preferences": {
    "showGlyphs": true,
    "showQuickUse": true,
    "showQuickUse2": true,
    "showSVGs": true,
    "fontPref": {
      "prefix": "icon-",
      "metadata": {
        "fontFamily": "icomoon"
      },
      "metrics": {
        "emSize": 1024,
        "baseline": 6.25,
        "whitespace": 50
      },
      "embed": false
    },
    "imagePref": {
      "prefix": "icon-",
      "png": false,
      "useClassSelector": true,
      "color": 0,
      "bgColor": 16777215,
      "classSelector": ".icon",
      "name": "icomoon",
      "height": 32,
      "columns": 16,
      "margin": 16
    },
    "historySize": 50,
    "showCodes": true,
    "gridSize": 16
  }
}